hashtag,count
,82
#写ルンです,11
"#disneyland,#tokyodisneyland,#ディズニーコーデ,#niceclaup",8
"#写ルンです,#写ルンですのある生活,#写ルンです女子,#写ルンです好きな人と繋がりたい,#なにげない日常が好き,#カメラ初心者の人と繋がりたい,#カメラのある生活,#写真好きな人と繋がりたい,#nicostop,#フィルムカメラ初心者,#幸せな瞬間をもっと世界に,#写真好きな人と繋がりたい,#写真初心者",7
"#film,#filmカメラ,#フィルムカメラ,#フィルム,#写ルンです,#写ルンですのある生活",5
"#イラストレーター,#イラスト日記,#illustrator,#本が好き,#イラストグラム,#パッケージデザイン,#フィルムカメラ,#イラスト,#挿絵,#写ルンです,#タワーレコード,#一眼レフ,#レコード,#ニューエラ,#djlife,#graphicdesign,#todayful,#タリーズコーヒー,#bmingbybeams,#マガジンハウス,#クルーエル,#beamsboy,#niigata,#コンバースハイカット,#カットイラスト,#アートのある暮らし,#12月カレンダー,#クリスマス2022,#サンタクロース,#トナカイ",4
"#nostalgic,#nostalgia,#cinematic,#dg_film,#デジタルでフィルムを再現したい,#デジタルでフィルムを表現したい,#にちじょう,#日常の記録,#スナップ写真,#日常風景,#電車の中,#電車のある風景,#写ルンです,#写ルンですのある生活",4
"#写るんです,#写ルンです,#写ルンです女子,#tokyodisneyland,#disney,#disneyland,#ディズニー,#東京ディズニーランド,#ディズニーランド,#ディズニーカチューシャ,#ディズニー写真部,#ディズニーフォト,#ディズニーコーデ,#フィルムカメラ,#フィルム写真,#ootd,#カップル,#カップルフォト,#カップルディズニー,#カップルコーデ,#モノトーンコーデ,#リンクコーデ",4
"#東京,#世田谷,#カメラ散歩,#銀塩カメラ,#カメラ女子,#フィルムカメラ,#フィルム,#フィルム写真,#写ルンです,#写真展,#台湾,#필름,#필름카메라,#필름사진,#菲治時期,#攝出彩菲,#菲林,#菲林攝影,#hexanon,#carlzeiss,#lomography,#filmmaking,#contaxt2,#leicam6,#filmphotography,#filmcamera,#filmewave,#popeyecamera,#portrait,#canonautoboy",4
"#写ルンです】の撮り方を紹介します🤭,#写ルンです,#秋ピクニック,#フイルムカメラ,#カメラ,#写ルンです女子,#写真,#チェキ,#秋,#写真好きな人と繋がりたい,#写真で伝えたい私の世界,#fujifilm,#カメラ女子,#film_jp,#フィルム,#フィルム写真,#写ルンですのある生活",4
"#gr2,#コンデジ,#じーあーるといっしょ",4
"#街角,#街角スナップ,#古い建物,#レトロ建築,#レトロな建物,#レトロビル,#渋ビル,#いいビル,#建物探訪,#建物好き,#レトロな街並み,#街撮り,#retro_japan_,#昭和レトロ,#昭和,#レトロ,#レトロポップ,#レトロモダン,#レトロ感,#ノスタルジー,#ノスタルジック,#film_jp,#フィルム,#フィルム写真,#フィルム,#フィルムカメラ,#生活とフィルム,#日々フィルム,#写ルンです,#コラージュ,#魔法使いサリー",4
"#ディズニーコーデ,#ミッキーコーデ,#親子ディズニー,#子連れディズニー,#写ルンです",4
"#瞳の中のノスタルジア,#iedemo_graphy,#genic_japan,#写真喫茶エス,#オールドレンズポートレート,#オールドレンズフォトグラファー,#oldlens_tokyo,#写ルンです",4
"#写ルンです,#filmphotography,#magazine35mm,#somewheremagazine,#littlerivermag,#insomniamag,#etczine,#forevermagazine,#hibi_jp,#ourmag,#photography,#iedemo_graphy,#物語生まれる瞬間を君と,#瞳の中のノスタルジア,#想いの質量,#純猥談写真,#スクリーンに恋して,#デジタルでフィルムを再現したい,#なんでもない日常に物語を,#人像攝影,#genic_mag,#35mm,#screen_archive,#cinematic,#NICOSTOP,#cinematicphotography,#nikoncreators,#soc_lifewithkodak",4
"#写ルンです,#filmphotography,#カメラ,#カメラ女子,#카메라,#instagood,#instalike,#love,#happy,#follow,#일상,#좋아요",4
"#赤くなるから飲まないって言ったの誰,#写ルンですレポ,#第24期ウェディングソムリエアンバサダー,#ウェディングソムリエアンバサダー,#ゼクシィ2022,#ハナユメ,#マイナビウェディング,#みんなのウェディング,#アーチデイズ花嫁,#プラコレ,#15次会,#お披露目パーティー,#レストランウェディング,#レストランウェディング東京,#XEX日本橋,#卒花しました,#そつはなレポ,#卒花嫁レポ,#高砂ソファ,#写ルンです,#ウェディングキャンバス",4
"#神奈川,#神奈川県,#神奈川観光,#神奈川旅行,#神奈川カメラ部,#大和ミュージック劇場,#Kanagawa,#ノスタルジー,#昭和レトロ,#デジタルでフィルムを再現したい,#原風景,#写ルンです,#田舎暮らし,#田舎,#田舎の風景,#田舎生活,#田舎道,#散歩,#田舎風景,#懐かしい風景,#町家,#街並み,#街撮り,#ひとり旅,#toraKanagawa,#torafall,#toraOctober,#秋,#ストリップ劇場,#ストリップ",4
"#2022,#summerend",4
"#写ルンですフォト,#しゃいにーがーるず,#shinyjk,#キラキラな瞬間を創り出そう,#jkの素敵な思い出,#jkブランド,#jk,#jk3,#jk2,#jk1,#jk制服,#写ルンです,#写ルンですのある生活,#夏祭り,#写ルンです女子,#写ルンです好きな人と繋がりたい,#しゃいにーがーるず,#shiny,#shinyjk,#jkにしかできないこと,#青春,#青春フォトグラフ,#青春フォト",4
"#ディズニー,#ディズニーランド,#ディズニーコーデ,#フィルムカメラ,#写ルンです,#写ルンですのある生活",4
#106842film,4
"#親バカ部,#赤ちゃんのいる生活,#子どものいる暮らし,#3姉妹,#3姉妹ママ,#家族旅行,#旅行,#家族旅,#リンクコーデ,#お揃いコーデ,#ひまわり畑,#ひまわり,#夏旅,#夏旅行,#子連れ旅行,#子連れ旅行,#写ルンです,#写ルンですのある生活,#写ルン,#写ルンです女子,#写活,#子どもカメラ,#子どもカメラマン,#子供カメラマン,#子供カメラ,#お花畑,#エモ写真,#キバナコスモス,#夫婦フォト,#夫婦写真,#エモい写真",4
"#金曜FUN輕鬆,#本当に使える日本語,#日語,#日本語,#日文學習,#日語教學,#日文自學,#日本語好きな人と繋がりたい,#日本語勉強,#日文檢定,#jlpt,#japanese,#日文教學,#日文單字,#日文文法,#日本留學,#日文,#日本,#JPTIP,#文化講座,#好想去日本,#平成レトロ,#懐かしい,#たまごっち,#ガラケー,#写ルンです,#プリクラ,#へそ出しコーデ,#厚底靴",4
#はるゆき,4
#soc_lifewithkodak,4
"#filmcamera,#filmphotography,#filmnotdead,#filmisnotdead,#カフェ,#田舎,#奈良県,#地域活性化,#クリエイター,#フィルム写真,#フィルムカメラ,#ファインダー越しの私の世界,#ファインダー越しの世界,#動画クリエイター,#動画クリエイターと繋がりたい,#映像クリエイター,#映像クリエイターと繋がりたい,#movie,#写真垢,#映像制作,#写ルンです,#廃校,#スパイスカレー",4
"#写ルンですレポ,#第24期ウェディングソムリエアンバサダー,#ウェディングソムリエアンバサダー,#ゼクシィ2022,#ハナユメ,#マイナビウェディング,#みんなのウェディング,#アーチデイズ花嫁,#プラコレ,#15次会,#お披露目パーティー,#レストランウェディング,#レストランウェディング東京,#XEX日本橋,#卒花しました,#そつはなレポ,#卒花嫁レポ,#高砂ソファ,#写ルンです",4
"#キリトリセカイ,#その瞬間に物語を,#誰かの記憶の片隅に,#淡くて儚い瞬間を,#cinematic,#into_the_screen,#tokyo,#good_portraits_world,#ポートレート,#フィルムカメラ,#攝影日記,#오오티디,#일상스타그램,#데일리룩,#도쿄생활,#팔로우,#팔로우미,#셀스타그램,#셀카,#얼스타그램,#写真好きな人と繋がりたい,#東京カメラ部,#写ルンです,#사진화,#인물사진,#인물스냅",4
"#photography,#portrait,#film,#artist,#filmphotography,#写ルンです,#editorial,#torontophotographer,#leica,#art,#aesthetic,#pointandshoot,#50mm,#撮影,#35mm,#fashionphotographt,#多伦多约拍,#被写体,#fashion,#blender",4
"#filmphotography,#film,#film_jp,#photography,#fujifilm,#disposablecamera,#disposablecameraproject,#nofilter,#写ルンです,#写ルンですのある生活,#フィルム,#フィルムカメラ",4
"#ぶらり散歩,#平等院鳳凰堂",4
"#fujifilm,#film,#camera,#写ルンです,#フィルムカメラ,#필름카메라",4
"#α6400,#wtulens,#写真,#カメラ好きと繋がりたい,#カメラ女子,#ミラーレス一眼,#カメラ初心者,#オールドレンズ,#オールドレンズの世界,#オールドレンズ部,#フィルムカメラ,#写ルンです,#sony,#photo,#photo_jpn,#photography,#秩父,#番場通り,#パリー食堂",4
"#カメラ初心者,#カメラ好きな人と繋がりたい,#カメラ女子,#ファインダー越しの私の世界,#写真好きな人と繋がりたい,#写真撮ってる人と繋がりたい,#秋,#フィルムカメラ,#フィルム,#Canon,#canonphotography,#フィルムカメラ好きな人と繋がりたい,#写ルンです,#写ルンですのある生活,#dazzカメラ,#lumixgf10",4
"#ファインダー越しの私の世界,#filmphotography,#ポートレート,#東北photogram,#ほふく撮影隊,#pics_jp,#loves_world,#film_com,#analogphotography,#team_jp_,#film_jp,#wp_japan,#フィルム部,#フィルム写真,#フィルムカメラ,#フィルムに恋してる,#フィルム写真普及委員会,#フィルムの灯を絶やさない,#写真好きな人と繋がりたい,#closeup_archive,#広がり同盟,#filmisnotdead,#35mmfilmphotography,#pentax67,#写ルンです,#写ルンですのある生活,#filmcamera,#filmcommunity,#portrait,#マリフォト2022年12月初冬",3
"#写ルンです,#롯데월드,#ロッテワールド,#韓国旅行,#🇰🇷,#🎡",2
"#カメラのウエダフィルム作例,#カメラのウエダスタッフ日記,#カメラのウエダの写真展,#愛知県,#岡崎市,#岡崎公園,#写真,#フィルム現像,#現像,#FUJIFILM,#FUJICOLOR,#fujicolor100,#kodak,#kodakultramax400,#kodakektarh35,#写真好きな人と繋がりたい,#写真撮ってる人と繋がりたい,#フィルム好きな人と繋がりたい,#写真好きと繋がりたい,#カメラ好きな人と繋がりたい,#ファインダー越しの私の世界,#写真で伝えたい私の世界,#キリトリセカイ,#photography,#あなたと一緒に見たい風景,#写ルンです,#photography,#大田区,#蒲田,#蒲田東口商店街,#蒲田駅徒歩1分",2
"#岐阜,#岐阜県,#岐阜観光,#岐阜旅行,#岐阜カメラ部,#飛騨神岡,#Gifu,#ノスタルジー,#昭和レトロ,#デジタルでフィルムを再現したい,#原風景,#写ルンです,#田舎暮らし,#田舎,#田舎の風景,#田舎生活,#田舎道,#散歩,#田舎風景,#懐かしい風景,#町家,#街並み,#街撮り,#ひとり旅,#toraGifu,#torawinter,#toraFebruary,#冬,#雪,#雪景色",2
"#ortocafe,#福岡カフェ,#フィルムカメラ,#写ルンです,#filmcamera,#film_jp,#filmphotography,#生活とフィルム,#フィルムに恋してる,#ふぃるむ寫眞,#フィルム部,#フィルム写真普及委員会,#オールドレンズ部,#富士フィルム,#fujifilm,#日々フィルム,#フィルムカメラ好きな人と繋がりたい,#indy_photolife,#jp_gallery,#insta_japan,#photo_jpn,#fukuoka_camera,#何気ない瞬間を残したい,#カメラ女子,#saga_camera,#キリトリセカイ,#カメラのある生活,#カメラ好きな人と繋がりたい,#写真好きな人と繋がりたい,#ファインダー越しの私の世界",2
"#島根,#島根県,#島根観光,#島根旅行,#島根カメラ部,#松江駅,#Shimane,#ノスタルジー,#昭和レトロ,#デジタルでフィルムを再現したい,#原風景,#写ルンです,#田舎暮らし,#田舎,#田舎の風景,#田舎生活,#田舎道,#散歩,#田舎風景,#懐かしい風景,#町家,#街並み,#街撮り,#ひとり旅,#toraShimane,#torafall,#toraNovember,#秋,#紅葉,#もみじ",2
#yuhashimoto,2
"#🎞,#今日の小梅,#dog,#今日の葉,#baby,#babyboy,#3y0m,#babyY,#写ルンです,#fujifilm",2
"#disney,#disneysea,#japan,#film,#black,#ootd,#일본,#좋아요,#팔로우,#오오티디,#셀카,#ディズニー,#ディズニーコーデ,#写ルンです,#フィルムカメラ",2
"#写真部,#カメラ男子,#ig_japan,#photography,#photographer,#instagood,#写ルンです,#写真日記,#instafellow,#eoskissx9i,#一眼レフ,#フォローバック,#camera,#coregraphy,#ファインダー越しの私の世界,#instajapan,#flowerslovers,#いいね返し,#写真好き,#フォロバ100,#Instagram,#写真,#自然,#風景,#natural,#view,#flower,#花,#beautiful",2
"#写ルンです,#インスタントカメラ,#ひよん",2
"#京都,#京都府,#京都観光,#京都旅行,#京都カメラ部,#橋本,#Kyoto,#ノスタルジー,#昭和レトロ,#デジタルでフィルムを再現したい,#原風景,#写ルンです,#田舎暮らし,#田舎,#田舎の風景,#田舎生活,#田舎道,#散歩,#田舎風景,#懐かしい風景,#町家,#遊郭跡,#遊郭,#ひとり旅,#toraKyoto,#torasummer,#toraAugust,#夏,#海,#入道雲",1
"#CHEESE,#atoz,#平沼久幸,#hisayukihiranuma,#イラスト,#イラストレーター,#illust,#illustration,#illustrator,#カメラ,#camera,#写ルンです,#富士フイルム,#チェキ,#instaxmini,#カメラのある生活,#カメラ女子,#思い出,#studioroof,#東京,#tokyo,#ギフト,#冬ギフト,#クリスマス,#christmas,#クリスマスプレゼント,#銀座ロフト,#ロフト,#銀座,#銀座ロフトのクリスマス",1
"#遊園地,#お出かけ,#フィルムカメラ,#写ルンです,#filmcamera,#film_jp,#filmphotography,#生活とフィルム,#フィルムに恋してる,#ふぃるむ寫眞,#フィルム部,#フィルム写真普及委員会,#オールドレンズ部,#富士フィルム,#fujifilm,#日々フィルム,#フィルムカメラ好きな人と繋がりたい,#indy_photolife,#jp_gallery,#insta_japan,#photo_jpn,#fukuoka_camera,#何気ない瞬間を残したい,#カメラ女子,#saga_camera,#キリトリセカイ,#カメラのある生活,#カメラ好きな人と繋がりたい,#写真好きな人と繋がりたい,#ファインダー越しの私の世界",1
"#写ルンです,#film,#2023カレンダー,#柴田阿弥",1
"#as_archive,#indy_photolife,#photogram_archive,#jp_mood,#reco_ig,#analoguepeople,#filmに魅せられて,#loadfilm,#何気ない瞬間を残したい,#todays_blue_collection,#yousawscenes,#film_jp,#film_com,#生活とフィルム,#瞳の中のノスタルジア,#momaphotoclub,#rebelmag,#filmselect_hibi,#genic_mag,#heavyrainmag,#みんすと,#その光を焼きつけて,#mst_vip,#iedemo_graphy,#mst_photo,#写ルンです,#35mmlight_memories,#somelightmag,#screen_archive,#純猥談写真",1
"#写ルンです,#コーデ,#コーディネート,#ハーフジップ,#ロングブーツ,#イラストグラム,#イラスト練習,#イラストレーターさんと繋がりたい,#絵描き,#イラスト好きな人と繋がりたい,#女の子イラスト,#絵柄が好みって人にフォローされたい,#ゆるかわイラスト,#可愛いイラスト,#お絵描きグラム,#クリスタ,#デジタル水彩,#ぴこいらすと,#軽美術部,#clipstudiopaint,#illustration,#anipraillustration,#illustrationart,#anipicco,#일러스트",1
"#何気ない瞬間を残したい,#日常を紡いでく,#ファインダー越しの私の世界,#ノスタルジーな瞬間を,#キリトリセカイ,#フィルムカメラで残す日常,#フィルムカメラに恋してる,#なんでもない日常に物語を,#フィルムカメラ,#その瞬間に物語を,#写真好きな人と繋がりたい,#写真撮ってる人と繋がりたい,#filmcamera,#film,#オールドレンズに恋をした,#写ルンです,#日々,#日常,#genic_mag,#indies_gram,#team_jp_,#photogram_archive,#iedemo_graphy,#as_archive,#オールドレンズ,#フィルムカメラ部,#フィルムカメラ好きな人と繋がりたい,#作品撮り,#ロケーションフォト",1
"#カメラ初心者,#カメラ好きな人と繋がりたい,#カメラ女子,#ファインダー越しの私の世界,#写真好きな人と繋がりたい,#写真撮ってる人と繋がりたい,#秋,#フィルムカメラ,#フィルム,#Canon,#canonphotography,#フィルムカメラ好きな人と繋がりたい,#写ルンです,#写ルンですのある生活,#dazzカメラ,#lumixgf10,#雪",1
"#contaxt2,#kodakcolorplus200,#film_jp,#hibiプリ",1
"#写ルンです,#フィルムカメラ,#長瀬駅前,#いつの写真やねん,#カラオケ行ったよなたしか,#ノブ,#instagood,#instalike,#instalike,#instaphoto,#instamemories,#instacamera,#filmcamera",1
"#置き画,#大阪,#大阪カフェ,#大阪観光,#駅弁,#写ルンです,#フィルムカメラ,#dazzカメラ,#グリコ,#marshallheadphones,#marshall,#心斎橋",1
"#フィルムカメラ,#film,#filmcamera,#写ルンです,#写ルンですのある生活",1
"#Disney,#disneyland,#tokyodisneyresort,#tokyodisneyland,#toontown,#トゥーンタウン,#ディズニーコーデ,#ディズニー写真部,#写ルンです,#ディズニー,#ディズニーランド,#自撮り界隈,#地雷系,#量産,#アイドル,#コンカフェ,#tokyo,#nike,#モアテン,#モアテン女子,#ナイキ",1
"#summersky,#fujifilm,#fujifilmjapan,#fujifilmphotography,#写ルンです,#富士フィルム,#film,#35mmfilm,#film_jp,#filmphotography,#skyphotography,#clouds,#skysnapper,#justforfun,#photooftheday,#sky,#skyoftheday,#japan,#空,#夏空,#日常を切り取る,#ファインダー越しの私の世界,#フィルム",1
"#ootd,#outfit,#code,#fashion,#fashioncode,#今日のコーデ,#ファッション,#ファッションコーデ,#冬コーデ,#disney,#ディズニーシー,#ディズニーコーデ,#xgirl,#instagram,#Instafashion,#写ルンです",1
"#大阪,#大阪府,#大阪観光,#大阪旅行,#大阪カメラ部,#ミス大阪,#Osaka,#ノスタルジー,#昭和レトロ,#デジタルでフィルムを再現したい,#原風景,#写ルンです,#田舎暮らし,#田舎,#田舎の風景,#田舎生活,#田舎道,#散歩,#田舎風景,#懐かしい風景,#町家,#街並み,#街撮り,#ひとり旅,#toraOsaka,#torafall,#toraSeptember,#秋,#紅葉,#もみじ",1
"#filmcamera,#写ルンです",1
"#涙,#crying😂,#人像攝影,#portraitlove,#写ルンです,#フィルムカメラ",1
"#現像,#現像が楽しみ,#写ルンです,#写ルンですのある生活,#フィルムカメラ,#フィルムカメラのある生活,#フィルムカメラで残す日常,#フィルムカメラに恋してる,#フィルムカメラ部,#フィルムカメラ散歩,#フィルムに魅せられて,#フィルム写真,#フィルムカメラで撮影,#フィルムカメラ普及委員会",1
